-- SQL script to create mock tables and insert mock data for an SQLite database

-- Creating Table 1: Users
CREATE TABLE Users (
    UserID INTEGER PRIMARY KEY AUTOINCREMENT,
    Username TEXT NOT NULL,
    Email TEXT NOT NULL,
    CreatedDate DATE NOT NULL
);

-- Inserting mock data into Users table
INSERT INTO Users (Username, Email, CreatedDate) VALUES
    ('user_1', 'user_1@example.com', '2021-01-01'),
    ('user_2', 'user_2@example.com', '2021-01-02'),
    ('user_3', 'user_3@example.com', '2021-01-03'),
    ('user_4', 'user_4@example.com', '2021-01-04'),
    ('user_5', 'user_5@example.com', '2021-01-05'),
    ('user_6', 'user_6@example.com', '2021-01-06'),
    ('user_7', 'user_7@example.com', '2021-01-07'),
    ('user_8', 'user_8@example.com', '2021-01-08'),
    ('user_9', 'user_9@example.com', '2021-01-09'),
    ('user_10', 'user_10@example.com', '2021-01-10'),
    ('user_11', 'user_11@example.com', '2021-01-11'),
    ('user_12', 'user_12@example.com', '2021-01-12'),
    ('user_13', 'user_13@example.com', '2021-01-13'),
    ('user_14', 'user_14@example.com', '2021-01-14'),
    ('user_15', 'user_15@example.com', '2021-01-15'),
    ('user_16', 'user_16@example.com', '2021-01-16'),
    ('user_17', 'user_17@example.com', '2021-01-17'),
    ('user_18', 'user_18@example.com', '2021-01-18'),
    ('user_19', 'user_19@example.com', '2021-01-19'),
    ('user_20', 'user_20@example.com', '2021-01-20'),
    ('user_21', 'user_21@example.com', '2021-01-21'),
    ('user_22', 'user_22@example.com', '2021-01-22'),
    ('user_23', 'user_23@example.com', '2021-01-23'),
    ('user_24', 'user_24@example.com', '2021-01-24'),
    ('user_25', 'user_25@example.com', '2021-01-25'),
    ('user_26', 'user_26@example.com', '2021-01-26'),
    ('user_27', 'user_27@example.com', '2021-01-27'),
    ('user_28', 'user_28@example.com', '2021-01-28'),
    ('user_29', 'user_29@example.com', '2021-01-29'),
    ('user_30', 'user_30@example.com', '2021-01-30'),
    ('user_31', 'user_31@example.com', '2021-01-31'),
    ('user_32', 'user_32@example.com', '2021-02-01'),
    ('user_33', 'user_33@example.com', '2021-02-02'),
    ('user_34', 'user_34@example.com', '2021-02-03'),
    ('user_35', 'user_35@example.com', '2021-02-04'),
    ('user_36', 'user_36@example.com', '2021-02-05'),
    ('user_37', 'user_37@example.com', '2021-02-06'),
    ('user_38', 'user_38@example.com', '2021-02-07'),
    ('user_39', 'user_39@example.com', '2021-02-08'),
    ('user_40', 'user_40@example.com', '2021-02-09'),
    ('user_41', 'user_41@example.com', '2021-02-10'),
    ('user_42', 'user_42@example.com', '2021-02-11'),
    ('user_43', 'user_43@example.com', '2021-02-12'),
    ('user_44', 'user_44@example.com', '2021-02-13'),
    ('user_45', 'user_45@example.com', '2021-02-14'),
    ('user_46', 'user_46@example.com', '2021-02-15'),
    ('user_47', 'user_47@example.com', '2021-02-16'),
    ('user_48', 'user_48@example.com', '2021-02-17'),
    ('user_49', 'user_49@example.com', '2021-02-18'),
    ('user_50', 'user_50@example.com', '2021-02-19');

-- Creating Table 2: Orders
CREATE TABLE Orders (
    OrderID INTEGER PRIMARY KEY AUTOINCREMENT,
    UserID INTEGER,
    OrderDate DATE NOT NULL,
    TotalAmount REAL NOT NULL,
    FOREIGN KEY (UserID) REFERENCES Users(UserID)
);

-- Inserting mock data into Orders table
INSERT INTO Orders (UserID, OrderDate, TotalAmount) VALUES
    (1, '2022-01-12', 100.50),
    (2, '2022-01-13', 150.25),
    (3, '2022-01-14', 80.75),
    (4, '2022-01-15', 120.00),
    (5, '2022-01-16', 95.30),
    (6, '2022-01-17', 110.00),
    (7, '2022-01-18', 130.50),
    (8, '2022-01-19', 140.25),
    (9, '2022-01-20', 85.75),
    (10, '2022-01-21', 160.00),
    (11, '2022-01-22', 105.30),
    (12, '2022-01-23', 115.50),
    (13, '2022-01-24', 125.25),
    (14, '2022-01-25', 135.75),
    (15, '2022-01-26', 145.00),
    (16, '2022-01-27', 155.30),
    (17, '2022-01-28', 165.50),
    (18, '2022-01-29', 175.25),
    (19, '2022-01-30', 185.75),
    (20, '2022-01-31', 195.00),
    (21, '2022-02-01', 205.30),
    (22, '2022-02-02', 215.50),
    (23, '2022-02-03', 225.25),
    (24, '2022-02-04', 235.75),
    (25, '2022-02-05', 245.00),
    (26, '2022-02-06', 255.30),
    (27, '2022-02-07', 265.50),
    (28, '2022-02-08', 275.25),
    (29, '2022-02-09', 285.75),
    (30, '2022-02-10', 295.00),
    (31, '2022-02-11', 305.30),
    (32, '2022-02-12', 315.50),
    (33, '2022-02-13', 325.25),
    (34, '2022-02-14', 335.75),
    (35, '2022-02-15', 345.00),
    (36, '2022-02-16', 355.30),
    (37, '2022-02-17', 365.50),
    (38, '2022-02-18', 375.25),
    (39, '2022-02-19', 385.75),
    (40, '2022-02-20', 395.00),
    (41, '2022-02-21', 405.30),
    (42, '2022-02-22', 415.50),
    (43, '2022-02-23', 425.25),
    (44, '2022-02-24', 435.75),
    (45, '2022-02-25', 445.00),
    (46, '2022-02-26', 455.30),
    (47, '2022-02-27', 465.50),
    (48, '2022-02-28', 475.25),
    (49, '2022-03-01', 485.75),
    (50, '2022-03-02', 495.00);

-- Creating Table 3: Products
CREATE TABLE Products (
    ProductID INTEGER PRIMARY KEY AUTOINCREMENT,
    ProductName TEXT NOT NULL,
    Price REAL NOT NULL,
    StockQuantity INTEGER NOT NULL
);

-- Inserting mock data into Products table
INSERT INTO Products (ProductName, Price, StockQuantity) VALUES
    ('Product_1', 10.99, 100),
    ('Product_2', 15.49, 200),
    ('Product_3', 20.99, 150),
    ('Product_4', 25.49, 80),
    ('Product_5', 30.99, 120),
    ('Product_6', 35.99, 90),
    ('Product_7', 40.49, 60),
    ('Product_8', 45.99, 70),
    ('Product_9', 50.49, 110),
    ('Product_10', 55.99, 95),
    ('Product_11', 60.49, 85),
    ('Product_12', 65.99, 75),
    ('Product_13', 70.49, 65),
    ('Product_14', 75.99, 55),
    ('Product_15', 80.49, 45),
    ('Product_16', 85.99, 35),
    ('Product_17', 90.49, 25),
    ('Product_18', 95.99, 15),
    ('Product_19', 100.49, 10),
    ('Product_20', 105.99, 5),
    ('Product_21', 110.49, 50),
    ('Product_22', 115.99, 60),
    ('Product_23', 120.49, 70),
    ('Product_24', 125.99, 80),
    ('Product_25', 130.49, 90),
    ('Product_26', 135.99, 100),
    ('Product_27', 140.49, 110),
    ('Product_28', 145.99, 120),
    ('Product_29', 150.49, 130),
    ('Product_30', 155.99, 140),
    ('Product_31', 160.49, 150),
    ('Product_32', 165.99, 160),
    ('Product_33', 170.49, 170),
    ('Product_34', 175.99, 180),
    ('Product_35', 180.49, 190),
    ('Product_36', 185.99, 200),
    ('Product_37', 190.49, 210),
    ('Product_38', 195.99, 220),
    ('Product_39', 200.49, 230),
    ('Product_40', 205.99, 240),
    ('Product_41', 210.49, 250),
    ('Product_42', 215.99, 260),
    ('Product_43', 220.49, 270),
    ('Product_44', 225.99, 280),
    ('Product_45', 230.49, 290),
    ('Product_46', 235.99, 300),
    ('Product_47', 240.49, 310),
    ('Product_48', 245.99, 320),
    ('Product_49', 250.49, 330),
    ('Product_50', 255.99, 340);

-- Creating Table 4: OrderDetails
CREATE TABLE OrderDetails (
    OrderDetailID INTEGER PRIMARY KEY AUTOINCREMENT,
    OrderID INTEGER,
    ProductID INTEGER,
    Quantity INTEGER NOT NULL,
    FOREIGN KEY (OrderID) REFERENCES Orders(OrderID),
    FOREIGN KEY (ProductID) REFERENCES Products(ProductID)
);

-- Inserting mock data into OrderDetails table
INSERT INTO OrderDetails (OrderID, ProductID, Quantity) VALUES
    (1, 1, 2),
    (1, 2, 1),
    (2, 3, 1),
    (2, 4, 3),
    (3, 5, 2),
    (4, 6, 1),
    (5, 7, 4),
    (6, 8, 2),
    (7, 9, 3),
    (8, 10, 1),
    (9, 11, 2),
    (10, 12, 3),
    (11, 13, 1),
    (12, 14, 2),
    (13, 15, 3),
    (14, 16, 1),
    (15, 17, 2),
    (16, 18, 3),
    (17, 19, 1),
    (18, 20, 2),
    (19, 21, 3),
    (20, 22, 1),
    (21, 23, 2),
    (22, 24, 3),
    (23, 25, 1),
    (24, 26, 2),
    (25, 27, 3),
    (26, 28, 1),
    (27, 29, 2),
    (28, 30, 3),
    (29, 31, 1),
    (30, 32, 2),
    (31, 33, 3),
    (32, 34, 1),
    (33, 35, 2),
    (34, 36, 3),
    (35, 37, 1),
    (36, 38, 2),
    (37, 39, 3),
    (38, 40, 1),
    (39, 41, 2),
    (40, 42, 3),
    (41, 43, 1),
    (42, 44, 2),
    (43, 45, 3),
    (44, 46, 1),
    (45, 47, 2),
    (46, 48, 3),
    (47, 49, 1),
    (48, 50, 2),
    (49, 1, 3),
    (50, 2, 1);

-- Creating Table 5: Categories
CREATE TABLE Categories (
    CategoryID INTEGER PRIMARY KEY AUTOINCREMENT,
    CategoryName TEXT NOT NULL
);

-- Inserting mock data into Categories table
INSERT INTO Categories (CategoryName) VALUES
    ('Category_1'),
    ('Category_2'),
    ('Category_3'),
    ('Category_4'),
    ('Category_5'),
    ('Category_6'),
    ('Category_7'),
    ('Category_8'),
    ('Category_9'),
    ('Category_10'),
    ('Category_11'),
    ('Category_12'),
    ('Category_13'),
    ('Category_14'),
    ('Category_15'),
    ('Category_16'),
    ('Category_17'),
    ('Category_18'),
    ('Category_19'),
    ('Category_20'),
    ('Category_21'),
    ('Category_22'),
    ('Category_23'),
    ('Category_24'),
    ('Category_25'),
    ('Category_26'),
    ('Category_27'),
    ('Category_28'),
    ('Category_29'),
    ('Category_30'),
    ('Category_31'),
    ('Category_32'),
    ('Category_33'),
    ('Category_34'),
    ('Category_35'),
    ('Category_36'),
    ('Category_37'),
    ('Category_38'),
    ('Category_39'),
    ('Category_40'),
    ('Category_41'),
    ('Category_42'),
    ('Category_43'),
    ('Category_44'),
    ('Category_45'),
    ('Category_46'),
    ('Category_47'),
    ('Category_48'),
    ('Category_49'),
    ('Category_50');